species,n,relative_frequency
Adelie,152,0.4418604651162791
Gentoo,124,0.36046511627906974
Chinstrap,68,0.19767441860465115
